{
  "project_info": {
    "project_number": "2035463667",
    "project_id": "healthtest-35b89",
    "storage_bucket": "healthtest-35b89.appspot.com"
  },
  "client": [
    {
      "client_info": {
        "mobilesdk_app_id": "1:2035463667:android:d24799d7963133c9620e86",
        "android_client_info": {
          "package_name": "com.example.digi_diagnos"
        }
      },
      "oauth_client": [],
      "api_key": [
        {
          "current_key": "AIzaSyCQ_OV4WSC3P-o1dOV6NhWjpJ-Wmpsh-Cw"
        }
      ],
      "services": {
        "appinvite_service": {
          "other_platform_oauth_client": []
        }
      }
    }
  ],
  "configuration_version": "1"
}